{
  "train_loss": [
    0.0039194151818847806,
    0.0030124250214355877,
    0.002650779266005907,
    0.0024969657683052504,
    0.0023732966659829402,
    0.0022020600601815833,
    0.0021287398771024668,
    0.002056763813389131,
    0.0019903474753030026,
    0.0019337161644123113,
    0.0018848751773102544,
    0.0018340251214491825,
    0.0017603574028143133,
    0.001695906629976936,
    0.0016360915674923514,
    0.0016567656062901593,
    0.0015935293601778073,
    0.0015316556569021672,
    0.0015050861954641265,
    0.0014623686408576292,
    0.001477514718993543,
    0.0014487200130063754,
    0.0014272795688623611,
    0.0014156801297735327,
    0.001409358856901049,
    0.0013750941889623229,
    0.0013828114233314036,
    0.0013473758799358248,
    0.001321861957713293,
    0.0013139167642340255
  ],
  "val_loss": [
    0.0045022422447800635,
    0.004585697377721468,
    0.004678881564177573,
    0.004641887254547328,
    0.0043575866225486004,
    0.004344862916817268,
    0.004603172454517334,
    0.004980594183628758,
    0.004885829822160304,
    0.0047933006814370556,
    0.005226480033403883,
    0.005109219959316154,
    0.004956407654875269,
    0.00483276538628464,
    0.004783537025408198,
    0.004583906661719084,
    0.004835858370643109,
    0.00490266972531875,
    0.005127572217800965,
    0.005234673456288874,
    0.004972508297457049,
    0.004934231789472203,
    0.005022806883789599,
    0.004947845921075593,
    0.0050294112375316525,
    0.005122560611926019,
    0.00527124865911901,
    0.005175006591404478,
    0.005208054984298845,
    0.00529878637365376
  ],
  "val_f1": [
    0.10205088724691434,
    0.10295276896207102,
    0.11128309458076319,
    0.12515730835245026,
    0.11100990552387059,
    0.11866617318976116,
    0.12782135876182718,
    0.1477164815521393,
    0.104997975311592,
    0.11689299124805876,
    0.13037669083611178,
    0.13249322526179405,
    0.1500267943081265,
    0.14623100950547743,
    0.1432169294257767,
    0.13825038305281037,
    0.14780552179769307,
    0.16351621591081308,
    0.169711242054239,
    0.17018925445068103,
    0.1647495892834237,
    0.16631605721833428,
    0.17232757294503995,
    0.15345722546009619,
    0.16630546227652643,
    0.1603800100278085,
    0.15669317782900072,
    0.16474188360588649,
    0.1616222263738294,
    0.17075186050096683
  ],
  "val_precision": [
    0.05654616073526726,
    0.05698960170352473,
    0.06279725317580594,
    0.07104310944793227,
    0.0615530922065433,
    0.06653809856384016,
    0.07243950044070212,
    0.08630747391482761,
    0.05813127451382032,
    0.06571484401951054,
    0.07537467493768114,
    0.07701949019231971,
    0.08840005713313247,
    0.08519743043159025,
    0.08278960690592901,
    0.0793444897117372,
    0.08627731283174729,
    0.09731349302792189,
    0.10295099467180907,
    0.1034142266508678,
    0.09821305163975001,
    0.09932800107095092,
    0.10429020383417695,
    0.09026904510469733,
    0.09966053352983238,
    0.09572924722009701,
    0.0932939597559742,
    0.09865155984962833,
    0.0965597491660109,
    0.10363593189432636
  ],
  "val_recall": [
    0.6102721662341394,
    0.6236889556379774,
    0.5989897857277438,
    0.6164837342903504,
    0.6460469032207745,
    0.6345699051385869,
    0.6173077583907857,
    0.5730980495417938,
    0.6220930046083629,
    0.606457623279789,
    0.5727650646634024,
    0.5632270951995021,
    0.5804210961088823,
    0.5873372326607949,
    0.5991579555241352,
    0.6140481210895832,
    0.5926256252602167,
    0.579091528254248,
    0.5534285480120104,
    0.5449276553013342,
    0.5725708345002922,
    0.5707771232026683,
    0.558707587204544,
    0.5815996630905781,
    0.563533821200808,
    0.5557222623348859,
    0.5586290502872282,
    0.5599698364477784,
    0.5563794614308616,
    0.5439802030286003
  ]
}