{
  "train_loss": [
    0.004231730902877946,
    0.002984510218270887,
    0.0024036689488312756,
    0.0020396197244572714,
    0.001803945979843728,
    0.0015980424493766176,
    0.0014547182064957153,
    0.0013271195721478225,
    0.0012399937535146587,
    0.0011956614960068597,
    0.0010858889339336504,
    0.0010192147291934069,
    0.000981778266857593,
    0.0009033356342488566,
    0.00088997863797256
  ],
  "val_loss": [
    0.004309184888067345,
    0.004325311933644116,
    0.004772037597528349,
    0.004673358037446936,
    0.004896080703474581,
    0.005338132687999556,
    0.005216726330885043,
    0.00571883002606531,
    0.006174145095671216,
    0.006032538786530495,
    0.006282374841005852,
    0.006582410156261176,
    0.006559696118347347,
    0.006531155668199062,
    0.006808669919458528
  ],
  "val_f1": [
    0.06627897346226558,
    0.12991729541977906,
    0.1762695793413249,
    0.16148392752499058,
    0.169810059706407,
    0.17573902257974852,
    0.18019295947237685,
    0.1819711528428756,
    0.19475097051510948,
    0.19798525840418688,
    0.18765226631920584,
    0.18939311568909523,
    0.20273543030533483,
    0.19151336160239163,
    0.2056907401298646
  ],
  "val_precision": [
    0.03512315230057868,
    0.07504187411033886,
    0.11220185031184758,
    0.0984571131507344,
    0.10423505713994992,
    0.11157984071280652,
    0.11316537903461617,
    0.11718155470094808,
    0.1299708038555723,
    0.13164996305023177,
    0.12396858101842109,
    0.127959645590837,
    0.138655258556457,
    0.127240187936718,
    0.14244773850820466
  ],
  "val_recall": [
    0.6946049496329839,
    0.5628473253420445,
    0.4755215329450348,
    0.5182019810818805,
    0.509785444664115,
    0.47167813874083214,
    0.4949826215340701,
    0.46016610204953357,
    0.4386217970225545,
    0.4551602845805175,
    0.4395003281204371,
    0.4219541889776158,
    0.43057103667438024,
    0.44135648638464364,
    0.42164703046780777
  ]
}